,timestep,Residential_Electricity_Load_R1,Residential_Electricity_Load_R2,Residential_Electricity_Load_R3,Residential_Electricity_Load_R4,Residential_Electricity_Load_R5,Residential_Electricity_Load_R6,Small_Commercial_Electricity_Load_C1,Small_Commercial_Electricity_Load_C2,Capacity Factor,Availability_R1,Availability_R2,EV_Demand_EV_R1,EV_Demand_EV_R2
0,0,0.7740259433726843,0.5245740111824452,0.6707626606358698,0.7476313548604407,0.7889186603137871,0.6839588835281881,0.9467766787264484,0.7706697174680789,0.0,0.9026683907370401,0.9250971070786713,0.10419416516072555,0.04952084556813711
0,1,0.666677166961828,0.4421613321136324,0.5550747570526054,0.6297752453256182,0.7122805212853615,0.5619340229904469,0.9279511716036799,0.7469017057019931,0.0,0.9026683907370401,0.9250971070786713,0.10419416516072555,0.04952084556813711
0,2,0.5490543216411338,0.40311643187167706,0.4698406838736525,0.5236600539633937,0.5927791623889147,0.47927474291709377,0.9085417141434264,0.674,0.0,0.9026683907370401,0.9250971070786713,0.10419416516072555,0.04952084556813711
0,3,0.5525707048081642,0.3221724106176723,0.4100211235081034,0.43686360638699173,0.5170980486603167,0.41852012948751544,0.6740000000000002,0.718109893467699,0.0,0.9026683907370401,0.9250971070786713,0.10419416516072555,0.04952084556813711
0,4,0.4515361523172662,0.32923405848447684,0.3868700858728835,0.43122453257831295,0.488151134970233,0.398278532536167,1.0528131683565454,0.77744391261339,0.0,0.9026683907370401,0.9250971070786713,0.10419416516072555,0.04952084556813711
0,5,0.5024640548376196,0.31439419530508866,0.4802621058647152,0.4798316920471132,0.5431332141369102,0.4416581729353181,0.9279749949146467,0.7894882300878628,0.0,0.9026683907370401,0.9250971070786713,0.10419416516072555,0.04952084556813711
0,6,0.6656753209197174,0.5118258463280995,0.565803035256673,0.6334280088370632,0.7055572515665269,0.5772781041714641,1.0271603079500082,0.8264989566182371,0.0,0.9026683907370401,0.9250971070786713,0.10419416516072555,0.04952084556813711
0,7,0.8206967092185272,0.5516108306601061,0.7055686021706443,0.7863663675955905,0.8901496172077589,0.7541803826161442,1.4475372229198995,1.1833156874556559,0.036073467363050636,0.9026683907370401,0.9250971070786713,0.10419416516072555,0.04952084556813711
0,8,0.7997905236414057,0.6734630141535484,0.7886605421262968,0.7633262826864003,0.8525322379370881,0.6983127252670376,2.0488352017275644,1.1211371729690192,0.28663782174964564,0.9026683907370401,0.9250971070786713,0.10419416516072555,0.04952084556813711
0,9,0.8702413637468112,0.5660089490362563,0.7244332752885522,0.8088916247622832,0.917505400915012,0.7386058095532948,2.232742764658292,1.7862302363834075,0.4845544129577343,0.9026683907370401,0.9250971070786713,0.10419416516072555,0.04952084556813711
0,10,0.9271649495933567,0.6199077560573213,0.7936246339418658,0.7867247323343234,1.0009525191732045,0.9201557514493798,1.4795512803182882,1.8628243042213262,0.6161738209040002,0.9026683907370401,0.9250971070786713,0.10419416516072555,0.04952084556813711
0,11,0.8966618898762483,0.6465915883491188,0.8337723936897936,0.9297206896952561,1.0527099477533222,0.8101260187492829,1.803660545343293,1.473078180029315,0.6844209213205824,0.9026683907370401,0.9250971070786713,0.10419416516072555,0.04952084556813711
0,12,1.0480561043439478,0.7087037625173154,0.8976832090974488,1.0108652117786956,1.137460103631922,0.9246708405088091,2.2633596877863154,1.828639658686952,0.7039200928681774,0.9026683907370401,0.9250971070786713,0.10419416516072555,0.04952084556813711
0,13,1.0787544915049074,0.7209086246138887,0.9237576040025774,0.9451810843675369,1.2058021490314441,0.9415970659419076,2.1918802301986604,1.7714575681290867,0.6678466255051269,0.9026683907370401,0.9250971070786713,0.10419416516072555,0.04952084556813711
0,14,1.035988255162025,0.7455791109550001,0.801408814352095,0.9878502897089785,1.1186410259586588,0.9039976418794099,2.0574327588638814,1.6345976278990748,0.5723006849219116,0.9026683907370401,0.9250971070786713,0.10419416516072555,0.04952084556813711
0,15,1.110601966185793,0.7420579151012879,1.0420345510631877,1.0249016934818762,1.1975110720918298,0.9690770527230385,1.9269473347755792,1.5420281599066086,0.41630731254115205,0.9026683907370401,0.9250971070786713,0.10419416516072555,0.04952084556813711
0,16,1.1219986231316996,0.711609010718426,0.9606946717105116,1.0706018138654196,1.1668283869346707,0.9953832384589598,1.798732347621561,1.356812378828399,0.19986650836284814,0.9026683907370401,0.9250971070786713,0.10419416516072555,0.04952084556813711
0,17,1.2333763641289903,0.8237142154893602,0.9171400629257883,1.176823523746488,1.3318440054897285,1.0762847364673236,1.7465847680119753,1.397250471312166,0.005849751464278483,0.9026683907370401,0.9250971070786713,0.10419416516072555,0.04952084556813711
0,18,1.4279876659735458,0.9540069413062637,1.223351347764771,1.3638173745284574,1.5434010629432051,1.2518750006004336,1.6560501624700714,1.315173254291625,0.0,0.9026683907370401,0.9250971070786713,0.10419416516072555,0.04952084556813711
0,19,1.490183894116572,1.0065533569290095,1.08195972660041,1.4391604936469518,1.6102056908372937,1.321022587275144,1.5148234531981593,1.2339137147794335,0.0,0.9026683907370401,0.9250971070786713,0.10419416516072555,0.04952084556813711
0,20,1.4825484406388278,1.0272729029292587,1.3184837249800534,1.4799116183879004,1.4805431488642904,1.2291386346809894,1.419797079000253,1.1375836837808346,0.0,0.9026683907370401,0.9250971070786713,0.10419416516072555,0.04952084556813711
0,21,1.5244054199482084,1.007051848568571,1.3047097605799791,1.1559268908250135,1.6459549274620435,1.3300000142118875,1.318285893514546,1.0428998378255474,0.0,0.9026683907370401,0.9250971070786713,0.10419416516072555,0.04952084556813711
0,22,1.2935776770869072,0.8634640903251558,1.0899423790503515,1.2356412193139823,1.396315734632988,1.2026584986711681,1.2028578573437883,0.9585950360170482,0.0,0.9026683907370401,0.9250971070786713,0.10419416516072555,0.04952084556813711
0,23,1.0201567293345881,0.6819879035434275,1.086434007207634,0.9306091460726977,1.1017134207562855,0.8901555025974627,1.0039312068476993,0.805378514892453,0.0,0.9026683907370401,0.9250971070786713,0.10419416516072555,0.04952084556813711
1,0,0.8299389396310324,0.5555163655813894,0.710546644794057,0.7919808513642841,0.8466853450919184,0.8137647410449363,0.9081072174330799,0.7293856580185775,0.0,0.9026683907370401,0.9250971070786713,0.10419416516072555,0.04952084556813711
1,1,0.7056079741950473,0.4731806783542025,0.6044771319354345,0.6737287064483547,0.7625323629105292,0.6192417253594056,0.9054733283410832,0.6861753266995567,0.0,0.9026683907370401,0.9250971070786713,0.10419416516072555,0.04952084556813711
1,2,0.5957851694244041,0.39998633402133005,0.5654229383116622,0.6434625986818076,0.6450893227723514,0.5287537607476391,0.8569625534515332,0.6881911345217167,0.0,0.9026683907370401,0.9250971070786713,0.10419416516072555,0.04952084556813711
1,3,0.5238911429085796,0.35295443781223945,0.4451499095840562,0.5010607664966961,0.5684460853265932,0.4585983924716925,0.8411182836089393,0.6814756750973254,0.0,0.9026683907370401,0.9250971070786713,0.10419416516072555,0.04952084556813711
1,4,0.4937904500445028,0.32682798467383073,0.4229076050066595,0.47131706194756323,0.5337739597402943,0.43161723839973704,0.8583349531697909,0.674,0.0,0.9026683907370401,0.9250971070786713,0.10419416516072555,0.04952084556813711
1,5,0.569244907955951,0.43431369683588444,0.37716465700269153,0.5437118227670411,0.665494123260726,0.4418900013721811,0.9195604783023709,0.674,0.0,0.9026683907370401,0.9250971070786713,0.10419416516072555,0.04952084556813711
1,6,0.8071292008903629,0.5251346560119136,0.6664130330802113,0.7254135246245044,0.8212086535704428,0.6799122021972367,0.6740000000000002,0.779454882870343,0.0,0.9026683907370401,0.9250971070786713,0.10419416516072555,0.04952084556813711
1,7,0.9202118959787883,0.6156187347617342,0.7881198161206915,0.7369737679220284,0.9938030477972547,0.8300028447911747,1.4775184374152617,1.155661027015832,0.0,0.9026683907370401,0.9250971070786713,0.10419416516072555,0.04952084556813711
1,8,0.8644142728880412,0.5784684802010485,0.7479445432886895,0.8247212361016218,0.9491130467362547,0.7546156429753106,2.099543012271124,1.7558432205236671,0.04582305313684811,0.9026683907370401,0.9250971070786713,0.10419416516072555,0.04952084556813711
1,9,0.9633193893576804,0.5929306926877947,0.7590481541319352,0.8461142824721996,0.9576539168645116,0.5572899397767467,1.6892384216146348,1.8343766990502082,0.42020714685067106,0.9026683907370401,0.9250971070786713,0.10419416516072555,0.04952084556813711
1,10,0.934967478481226,0.6350224080895408,0.8220269861445343,0.8470423900874278,1.0259593581904156,0.8293544235154476,2.4463597069576597,1.9120422565842103,0.29443749036868366,0.9026683907370401,0.9250971070786713,0.10419416516072555,0.04952084556813711
1,11,0.9802077199378474,0.6554738883954128,0.8384610024632374,0.9525674174646551,1.032449600068401,0.8542511652070456,1.4795512803182882,1.473078180029315,0.3324608748864938,0.9026683907370401,0.9250971070786713,0.10419416516072555,0.04952084556813711
1,12,1.0505200449296632,0.6956057996294315,0.8911201149234936,0.9929944002193702,1.1346622681672984,0.9082569511140051,2.294925701826474,1.8844395204775037,0.1979165912080887,0.9026683907370401,0.9250971070786713,0.10419416516072555,0.04952084556813711
1,13,1.0518867023184475,0.7048096723695368,0.9075397212606288,1.0113302594135898,1.1454679192445747,0.9250024328727271,2.3872677733226944,1.8317458515069132,0.15599337238075955,0.9026683907370401,0.9250971070786713,0.10419416516072555,0.04952084556813711
1,14,1.1229523923040539,0.6999153432047049,0.8796415952937384,0.8925608412643917,1.1086491178040596,0.8279358991435298,1.9000561107632732,1.7071961178536534,0.18914196401167094,0.9026683907370401,0.9250971070786713,0.10419416516072555,0.04952084556813711
1,15,1.0763718484127296,0.7193673616568512,0.9216745790522952,1.0271180856353601,1.0886154261995569,0.9418864637965157,2.007748955551926,1.6072103604263652,0.05362272175588609,0.9026683907370401,0.9250971070786713,0.10419416516072555,0.04952084556813711
1,16,1.0726210268316794,0.725464747603306,0.918554517813807,1.0235413148672359,1.2957129334276407,0.936181357025307,1.861641945166723,1.4899030218372968,0.03412355020829115,0.9026683907370401,0.9250971070786713,0.10419416516072555,0.04952084556813711
1,17,1.0233476001148911,0.7776922360677625,0.9964811065782936,1.1104478982719235,1.2585236385860503,1.015632150761169,1.599104625085163,1.4326121320581457,0.0009749585773797469,0.9026683907370401,0.9250971070786713,0.10419416516072555,0.04952084556813711
1,18,1.3393729725137602,0.8063091061079755,1.1464459765013848,1.2774293763502318,1.4443362695013837,1.1668659109586386,1.6702726347647499,1.1907988438805706,0.0,0.9026683907370401,0.9250971070786713,0.10419416516072555,0.04952084556813711
1,19,1.4630379194754235,0.9835239910820104,1.2574765284271876,1.290899047748943,1.58562095093121,1.2900323685045716,1.3517270109874793,1.234471303664165,0.0,0.9026683907370401,0.9250971070786713,0.10419416516072555,0.04952084556813711
1,20,1.4825484406388278,1.0235880396589652,1.3110673336406697,1.460786107702543,1.4805431488642904,1.3358503016333951,0.6740000000000002,1.1604598257068692,0.0,0.9026683907370401,0.9250971070786713,0.10419416516072555,0.04952084556813711
1,21,1.4743090801052368,1.2323095145149963,1.2624285172307144,1.4062717780450569,1.591800380050671,1.2863173579809484,1.2775322624513015,0.674,0.0,0.9026683907370401,0.9250971070786713,0.10419416516072555,0.04952084556813711
1,22,1.245400265141395,0.832276293436424,1.0671759856937757,1.1659114857623465,1.3485470946756377,1.0875154765152024,1.1734798471870445,0.9390990862843149,0.0,0.9026683907370401,0.9250971070786713,0.10419416516072555,0.04952084556813711
1,23,0.9686218462265822,0.5617627442721813,0.8344020934348036,1.1077200516405312,1.0407405135519279,0.845645074289797,1.0099090122338288,0.7699326917108691,0.0,0.9026683907370401,0.9250971070786713,0.10419416516072555,0.04952084556813711
2,0,0.5411436804381765,0.38787932294935284,0.49537279965589653,0.7335438687915967,0.6251582805815316,0.5055084871692086,0.8650720824925417,0.674,0.0,0.9026683907370401,0.9250971070786713,0.10419416516072555,0.04952084556813711
2,1,0.36620096985035033,0.33441041843202257,0.42574082899736226,0.36506456308557333,0.5450100562790201,0.42162708692121803,0.7700475539611492,0.6753809068861216,0.0,0.9026683907370401,0.9250971070786713,0.10419416516072555,0.04952084556813711
2,2,0.41759687696659975,0.297,0.4089498691902711,0.3990511003368667,0.4439519733678849,0.3676248903031261,0.7534286767326288,0.674,0.0,0.9026683907370401,0.9250971070786713,0.10419416516072555,0.04952084556813711
2,3,0.38176812545040895,0.297,0.32691780411746524,0.3646430351019078,0.41280180985567627,0.297,0.6740000000000002,0.674,0.0,0.9026683907370401,0.9250971070786713,0.10419416516072555,0.04952084556813711
2,4,0.3692009552033377,0.297,0.31631698244761586,0.3526262585111724,0.39924261688640367,0.32293431469214007,0.6740000000000002,0.674,0.0,0.9026683907370401,0.9250971070786713,0.10419416516072555,0.04952084556813711
2,5,0.4246152641040154,0.297,0.36383640698663267,0.297,0.45905080462560116,0.37101692416407234,0.6740000000000002,0.674,0.0,0.0,0.9250971070786713,9.2072,0.04952084556813711
2,6,0.7043157425659147,0.4335838748794915,0.5136113828406909,0.5724929609711928,0.6134927132639495,0.524028223103416,0.6740000000000002,0.674,0.0,0.0,-0.03745144646066434,0.9337440935158466,9.48
2,7,0.7157444487369299,0.47159643488617853,0.576875853203526,0.6715988423132785,0.7641278416324662,0.6142703822716845,1.2233324609443021,0.9812004362769453,0.12284478074984813,0.0,-0.03745144646066434,1.8150903100804585,1.1937063967045947
2,8,0.6951478701963135,0.297,0.5949356351491351,0.6208068158402715,0.6639958504611774,0.680132951005225,1.9255662248419516,1.4881658199744434,0.30126220041034185,0.9026683907370401,0.9250971070786713,0.10419416516072555,0.04952084556813711
2,9,0.6302095877724225,0.46440284814038396,0.5932432267634354,0.6612963265165437,0.7484811691371961,0.6049858503889652,2.194908673600349,1.7558947778897671,0.343185419237671,0.9026683907370401,0.9250971070786713,0.10419416516072555,0.04952084556813711
2,10,0.698238330178253,0.49219464601345464,0.6290254422788161,0.7006352716018446,0.8842445259236921,0.636711429870406,2.0285750109497807,1.8684687629056875,0.2934625317913039,0.9026683907370401,0.9250971070786713,0.10419416516072555,0.04952084556813711
2,11,0.7229069179110481,0.5122137502100645,0.6564872866019192,0.7318187984241628,0.8283361128600024,0.6695344608223169,2.607464194179451,1.9328466177188528,0.24568956149969626,0.9026683907370401,0.9250971070786713,0.10419416516072555,0.04952084556813711
2,12,0.7746900506175931,0.553240128731015,0.7076476953828362,0.7886812489905907,0.8926844851249209,0.6833898439667173,2.3710417912192234,1.8467555954532195,0.32563616484483554,0.9026683907370401,0.9250971070786713,0.10419416516072555,0.04952084556813711
2,13,0.8348106159015392,0.5586698389542788,0.7143630717473286,0.7966825751152945,0.9016999338581323,0.729269245553056,2.2995077559321113,1.8387033071810372,0.44165623555302547,0.9026683907370401,0.9250971070786713,0.10419416516072555,0.04952084556813711
2,14,0.7835087329846793,0.5247206615048345,0.670932230969431,0.747790190746591,0.8463596628744133,0.5610137108202143,2.1302789541770006,1.7043334431466421,0.28468790459488613,0.9026683907370401,0.9250971070786713,0.10419416516072555,0.04952084556813711
2,15,0.7884081741326053,0.520696762223604,0.8169174704782796,0.9080677426162166,0.839885462899688,0.6792162784080974,1.9985906393667505,1.6283674888548023,0.1881670054342912,0.9026683907370401,0.9250971070786713,0.10419416516072555,0.04952084556813711
2,16,0.7725928932498286,0.5333281339395123,0.6497744331699796,0.7375923782590555,0.7501294139056063,0.6747507263623268,1.8118485399073732,1.4504491228956626,0.060447431797544325,0.9026683907370401,0.9250971070786713,0.10419416516072555,0.04952084556813711
2,17,0.8050168032114844,0.5335549384228478,0.6166117987075632,0.7681094074970226,0.8694663834009202,0.7019965183303815,1.7233014531018587,1.4046159363150124,0.012674461505936712,0.9026683907370401,0.9250971070786713,0.10419416516072555,0.04952084556813711
2,18,0.955187949106608,0.6412456358599796,0.7093820449992926,1.0976088831431308,1.0354780256584029,0.8700838372037591,1.3851556452631957,1.2922142448136045,0.0,0.9026683907370401,0.9250971070786713,0.10419416516072555,0.04952084556813711
2,19,1.1399815191425942,0.7774161552554352,1.0921849461818844,1.087674026966959,1.2311538259069799,0.9019372663702269,1.5070604679532598,0.674,0.0,0.9026683907370401,0.9250971070786713,0.10419416516072555,0.04952084556813711
2,20,1.233542086214851,0.7112769612269173,1.0761753991367564,1.1950118800134384,1.3291949201092663,1.0967272491177344,1.1464844624659234,1.1581509882217838,0.0,0.9026683907370401,0.9250971070786713,0.10419416516072555,0.04952084556813711
2,21,1.173164329689523,0.7889384234718988,1.0066550218217218,1.0796165695177955,1.2695010244984957,1.0516481282098362,1.1845633507953768,1.0358096640799277,0.0,0.9026683907370401,0.9250971070786713,0.10419416516072555,0.04952084556813711
2,22,1.1244756158679372,0.6983796803951752,0.8394370756184124,0.9356535309821158,1.0587732715925762,0.855716623880493,0.6740000000000002,0.9209896739316427,0.0,0.9026683907370401,0.9250971070786713,0.10419416516072555,0.04952084556813711
2,23,0.7841932724949556,0.5698273134627154,0.6089715859113501,0.7484282097085179,0.8494054319624423,0.6386461440645744,0.9255694493451165,0.674,0.0,0.9026683907370401,0.9250971070786713,0.10419416516072555,0.04952084556813711
3,0,0.5695706123752475,0.3825488610545708,0.4680229503271555,0.5057285296921559,0.6154543800343473,0.4976055619769736,0.8171742563753542,0.674,0.0,0.9026683907370401,0.9250971070786713,0.10419416516072555,0.04952084556813711
3,1,0.4646189340555442,0.3127481007669169,0.3592182606918676,0.4436244101729878,0.49524830443427775,0.4060891107263678,0.7862410942672028,0.674,0.0,0.9026683907370401,0.9250971070786713,0.10419416516072555,0.04952084556813711
3,2,0.42643502638271835,0.297,0.3651504057646127,0.4072240222630723,0.4609814460180926,0.3729965492220562,0.7573559829106248,0.674,0.0,0.9026683907370401,0.9250971070786713,0.10419416516072555,0.04952084556813711
3,3,0.38213356646177055,0.297,0.320221563691799,0.3603092442613568,0.4042624562366714,0.30450320673776676,0.6740000000000002,0.674,0.0,0.9026683907370401,0.9250971070786713,0.10419416516072555,0.04952084556813711
3,4,0.4556962640308179,0.297,0.297,0.33938692713186114,0.3985262816837534,0.33585635903176025,0.6740000000000002,0.674,0.0,0.9026683907370401,0.9250971070786713,0.10419416516072555,0.04952084556813711
3,5,0.38125895513585356,0.3082571412330321,0.5176707974648083,0.36692834572334787,0.415045365729095,0.297,0.8523433823975837,0.674,0.0,0.9026683907370401,0.9250971070786713,0.10419416516072555,0.04952084556813711
3,6,0.45586797349004815,0.32290089390526444,0.4108643783927991,0.45819877378960205,0.5186491470366418,0.31984844345056007,0.8894062650796946,0.7142016117383084,0.07897164476775952,0.9026683907370401,0.9250971070786713,0.10419416516072555,0.04952084556813711
3,7,0.6494351669667939,0.43342861513778375,0.5506360518127211,0.6193168231894096,0.6964192602084452,0.49403084950419485,1.1406984138672667,0.9146885232697897,0.2798131117079874,0.9026683907370401,0.9250971070786713,0.10419416516072555,0.04952084556813711
3,8,0.6233369766011098,0.4183846124198798,0.4420521631794104,0.5949867071069054,0.5888533174765097,0.5815771168342467,1.6593175103161617,1.334530476492985,0.47382986860655707,0.9026683907370401,0.9250971070786713,0.10419416516072555,0.04952084556813711
3,9,0.578133729713604,0.4296356486473858,0.5481371961099243,0.6110431127561381,0.6885095475086833,0.5601966653770157,2.0211019667092196,1.3805518211622632,0.6259234066777978,0.9026683907370401,0.9250971070786713,0.10419416516072555,0.04952084556813711
3,10,0.6736570040663172,0.45976187918942013,0.4832813002597451,0.6343192656796067,0.7277835118441571,0.7677875728214536,2.1450534087764987,1.7080691903831795,0.7282940573026712,0.9026683907370401,0.9250971070786713,0.10419416516072555,0.04952084556813711
3,11,0.7473748882080581,0.5054248538753479,0.6443775514492766,0.7678719195854222,0.8933635180341241,0.6570871761160464,1.7079159709972696,1.6996078198787061,0.7770419861716585,0.9026683907370401,0.9250971070786713,0.10419416516072555,0.04952084556813711
3,12,0.7956071264627864,0.5295632983764169,0.677145103756492,0.7816166789466217,0.8542088352736849,0.6876975779276392,2.2043695319242627,1.559162602888093,0.7780169447490382,0.9026683907370401,0.9250971070786713,0.10419416516072555,0.04952084556813711
3,13,0.8470298089833748,0.566927858209222,0.6573981459872977,0.8083152291424406,0.9160973841271876,0.7394668044256891,2.1769236473242706,1.7418690225040172,0.7263441401479116,0.9026683907370401,0.9250971070786713,0.10419416516072555,0.04952084556813711
3,14,0.7727336187593604,0.5174154077183567,0.662063612405022,0.737717361493784,0.8346408754656718,0.6745026058325375,2.0600078033496207,1.6713800089528046,0.628848282409937,0.9026683907370401,0.9250971070786713,0.10419416516072555,0.04952084556813711
3,15,0.7476714430940413,0.5009233151808209,0.6402680586323333,0.7136706258564942,0.8465969789150775,0.6537343609432388,1.9422340218091758,1.5541983340692678,0.46018044852324064,0.9026683907370401,0.9250971070786713,0.10419416516072555,0.04952084556813711
3,16,0.7354311638254051,0.501914492592732,0.5962049255439346,0.7019808723930782,0.7945182703329349,0.6421422652913094,1.8018307307968018,1.47367662624185,0.2768882359758481,0.9026683907370401,0.9250971070786713,0.10419416516072555,0.04952084556813711
3,17,0.7564882708307877,0.4962755674177632,0.6343248732067372,0.7071067481141404,0.8010943286746005,0.6287483184687099,1.6852509795694286,1.3507777052159808,0.10432056777963294,0.9026683907370401,0.9250971070786713,0.10419416516072555,0.04952084556813711
3,18,0.7802138513006882,0.5227010356371831,0.6680955293684977,0.7777330358951322,0.8265964567883889,0.6812407690740832,1.5087185992256318,1.2079917716055322,0.0,0.9026683907370401,0.9250971070786713,0.10419416516072555,0.04952084556813711
3,19,0.8189106809980538,0.5805234173093552,0.7427051541188314,0.827748228273992,0.9368392229951648,0.7571910728886627,0.6740000000000002,1.1617920179713892,0.0,0.9026683907370401,0.9250971070786713,0.10419416516072555,0.04952084556813711
3,20,1.03077773742309,0.7176166601397346,0.9194352786138315,1.0152816077679225,1.0845152836219767,0.9371192505763134,1.3366400772855678,1.106316028071708,0.0,0.9026683907370401,0.9250971070786713,0.10419416516072555,0.04952084556813711
3,21,1.067467785333265,0.8820162639574223,0.9015678470643891,0.9975628885909181,1.1351737041019074,0.9184516638987998,1.2293924231865303,0.9547068714795544,0.0,0.9026683907370401,0.9250971070786713,0.10419416516072555,0.04952084556813711
3,22,0.9127798716979223,0.6106529562615143,0.7817504397723466,0.8710579726934172,0.9855088258414471,0.7590638187999958,1.1117166575252626,0.8914424525924071,0.0,0.9026683907370401,0.9250971070786713,0.10419416516072555,0.04952084556813711
3,23,0.7540776526360624,0.5077662273482499,0.746712958625477,0.720949096171182,0.816151943773674,0.6596117515687193,0.8872526766774946,0.674,0.0,0.9026683907370401,0.9250971070786713,0.10419416516072555,0.04952084556813711
4,0,1.1557361288511654,0.7721925463614912,0.9905895423710727,1.102899613178765,1.2238533362414143,1.0086130756329237,1.1712197453804305,0.9304014130183862,0.0,0.9026683907370401,0.9250971070786713,0.10419416516072555,0.04952084556813711
4,1,1.0796543834132162,0.7457517932674187,0.9558586873457594,1.0647839640926446,1.205269441607778,0.9743214925212788,1.0595349567734147,0.8404042788283437,0.0,0.9026683907370401,0.9250971070786713,0.10419416516072555,0.04952084556813711
4,2,1.0223080540366474,0.6968494507722333,0.8927395015677329,0.929785201237575,1.259149586608512,0.9059864066003882,0.9560909239957164,0.7891127188382613,0.0,0.9026683907370401,0.9250971070786713,0.10419416516072555,0.04952084556813711
4,3,0.9439121059141984,0.6314119577109559,0.9853676825365909,0.9009061163379009,1.0192189891486962,0.8240002092041657,1.0757829165213386,0.7760307586255902,0.0,0.9026683907370401,-0.03745144646066434,0.10419416516072555,6.275236344398862
4,4,0.8393447737069499,0.617185901506666,0.7474612624389639,0.8330201204673144,1.010767606183161,0.8879295672422368,0.6740000000000002,0.7702737510569572,0.0,0.9026683907370401,0.9250971070786713,0.10419416516072555,0.04952084556813711
4,5,0.8391212831707724,0.5623805066309674,0.7039216469378149,0.8018328351525824,0.9075128490259464,0.7334906957852926,1.1275391855977694,0.9028467035951125,0.0077996686190379754,0.9026683907370401,0.9250971070786713,0.10419416516072555,0.04952084556813711
4,6,0.8451956270801171,0.713323585072775,0.7240591122809052,0.8063712182721745,0.9115514261710336,0.7375051268177277,1.1601341693033098,0.674,0.11114527782129119,0.9026683907370401,0.9250971070786713,0.10419416516072555,0.04952084556813711
4,7,0.9137662227330903,0.6112897004867414,0.7825556680084341,0.798794655238103,0.9869650036536378,0.7976670811738312,1.5633297595788864,1.2520202303924604,0.28663782174964564,0.9026683907370401,0.9250971070786713,0.10419416516072555,0.04952084556813711
4,8,0.8442356926515926,0.5650327106513788,0.7228932318455772,0.7683809860541979,0.9118644546676268,0.7370267014634695,2.2406015572322153,1.785413536787165,0.4553056556363419,0.9026683907370401,0.9250971070786713,0.10419416516072555,0.04952084556813711
4,9,0.8198718636382784,0.5490179156547803,0.681908878764066,0.7824957759014459,0.8855924998422049,0.7158307710325305,2.9020495133758617,2.360176097974138,0.5840001878504685,0.9026683907370401,0.9250971070786713,0.10419416516072555,0.04952084556813711
4,10,0.8575681500829111,0.5373625298947403,0.7343265001570664,0.8951386426665625,0.9262747402754684,0.7485627161110816,3.3083805967189206,2.645135195269895,0.5869250635826078,0.9026683907370401,0.9250971070786713,0.10419416516072555,0.04952084556813711
4,11,0.9512376339856514,0.6361946407052195,0.7432854780554382,0.9047454712994116,1.0423692444887103,0.830427966842391,3.657514485896755,2.923109958307335,0.520627880320785,0.9026683907370401,0.9250971070786713,0.10419416516072555,0.04952084556813711
4,12,1.0424947784754273,0.8727917735313914,0.8926797908184207,0.9949607583372608,1.125849863172844,0.90994874115148,3.694933817082327,2.508211738748635,0.4358064840887469,0.9026683907370401,0.9250971070786713,0.10419416516072555,0.04952084556813711
4,13,1.155263096034048,0.7754124373844393,0.9827961169267971,1.1024467012287942,1.247514203172685,1.0049872210736275,2.415035063962644,2.4010447757575326,0.3236862476900761,0.9026683907370401,0.9250971070786713,0.10419416516072555,0.04952084556813711
4,14,1.2095383061404936,0.8231239688863936,1.0357217237250795,1.1533060094557277,1.2405406771396272,1.1243042633577194,3.602272518864009,2.8904491668112025,0.36560946651740517,0.9026683907370401,0.9250971070786713,0.10419416516072555,0.04952084556813711
4,15,1.2229522298518711,0.8273104523258593,1.0607066648861134,1.1821591882884237,1.2425335458608653,1.0694495176077514,3.496386940443671,2.794224689325609,0.2720134430889495,0.9026683907370401,0.9250971070786713,0.10419416516072555,0.04952084556813711
4,16,1.2588310614407248,0.8406291604070425,1.0777776409405406,1.2011083231202149,1.3593246726744561,1.0510287360243762,3.321452424463722,2.6548738029781687,0.2271653485294811,0.9026683907370401,0.9250971070786713,0.10419416516072555,0.04952084556813711
4,17,1.273942313528843,0.809469304626949,1.0377821956766862,1.1660225604573986,1.3060398629944479,1.044121256704252,2.5832653198135467,2.5144658456387123,0.12479469790460761,0.9026683907370401,0.9250971070786713,0.10419416516072555,0.04952084556813711
4,18,1.1628425366434376,0.7868205490536526,0.9956293029889361,1.1091169512647705,1.2560892618568291,1.01514283082403,2.7785617690638382,1.7387871394991252,0.03704842594043039,0.9026683907370401,0.9250971070786713,0.10419416516072555,0.04952084556813711
4,19,1.2600041146252923,0.7570669494447105,0.9635237550643089,0.9501246253051499,1.2152043298216877,1.0919558210727511,1.4874800681063185,2.0189843387872664,0.0,0.9026683907370401,0.9250971070786713,0.10419416516072555,0.04952084556813711
4,20,1.2046615147287607,0.9059601393583957,1.031052418413183,1.148898853892041,1.2886066053777798,1.0507449066462204,2.165459159238362,1.7172541678509232,0.0,0.9026683907370401,0.9250971070786713,0.10419416516072555,0.04952084556813711
4,21,1.2816348562680275,0.8571939216909676,1.0992891286545599,1.224876215327952,1.3862662132526422,1.143139415216664,1.9357974710214658,1.5487461671020097,0.0,0.9026683907370401,0.9250971070786713,0.10419416516072555,0.04952084556813711
4,22,1.3098095342221416,0.8742864037073287,1.074515034012823,1.2493664510532052,1.4144873849431645,0.9325324753023236,1.7827636096984536,1.4270498469881412,0.0,0.9026683907370401,0.9250971070786713,0.10419416516072555,0.04952084556813711
4,23,1.267623922502132,0.8864219313068271,1.136911444018104,1.2667244991667783,1.433822674092148,1.1585214298207114,1.5301876219369583,1.22771907454458,0.0,0.9026683907370401,0.9250971070786713,0.10419416516072555,0.04952084556813711
5,0,1.2341176128783593,0.9737811684938193,1.0563871096773105,1.1527350756000152,1.3311276975297595,1.0685629411324085,0.8538487255453695,0.674,0.0,0.9026683907370401,0.9250971070786713,0.10419416516072555,0.04952084556813711
5,1,1.1945354574484106,0.7976921308142974,1.127115116915556,1.2024125270470543,0.9966471695861844,1.0421466349278918,1.0471241941556215,0.83764099518821,0.0,0.9026683907370401,0.9250971070786713,0.10419416516072555,0.04952084556813711
5,2,1.1202469535806545,0.7485756977110319,0.9753572856161162,1.1562963475031247,1.2098301600521877,1.0801726030798402,0.973890510683689,0.7884758390800765,0.0,0.9026683907370401,0.9250971070786713,0.10419416516072555,0.04952084556813711
5,3,1.0213382946154617,0.6827802831724311,0.8745596472069012,0.973977956405508,1.063715261449925,0.8898743644316941,0.9653990445955488,0.7744770182734861,0.0,0.9026683907370401,0.9250971070786713,0.10419416516072555,0.04952084556813711
5,4,0.948720646929427,0.6316836895888568,0.8123478421948497,0.9058607179529483,1.024596591496024,0.8179430805890575,0.9758760244879674,0.7831203464238738,0.0,0.9026683907370401,0.9250971070786713,0.10419416516072555,0.04952084556813711
5,5,0.9097360867479837,0.6106547600357338,0.7884041455735196,0.9526712161943819,0.9858949535145525,0.738074451993667,1.3481126223962947,0.9022815053942949,0.009749585773797472,0.9026683907370401,0.9250971070786713,0.10419416516072555,0.04952084556813711
5,6,0.8455645954265664,0.6106569613359518,0.7816343657006333,0.8710972871089695,0.9858489154013415,0.7968312344542587,1.1591480894601467,0.9296238409054234,0.10919536066653168,0.9026683907370401,0.9250971070786713,0.10419416516072555,0.04952084556813711
5,7,0.9748334742196784,0.6518766199789467,0.8350786157804732,0.9268474387206337,1.05282757055177,0.8510436563951301,1.562780833560723,1.251501019058411,0.25543914727349376,0.0,0.9250971070786713,4.607233971373305,0.04952084556813711
5,8,1.0532792921896617,0.6035974481837607,0.7728239380709664,0.86085072010728,0.9743062367915793,0.7874737672965215,1.8257217387145608,1.785001034862231,0.3880335137971394,0.9026683907370401,0.9250971070786713,0.10419416516072555,0.04952084556813711
5,9,0.8343424536367965,0.584774874385689,0.7488575744144096,0.8312460001099342,0.9455423919010213,0.7635539105593157,2.9006343599167503,2.3194711664734697,0.5459768033326584,0.9026683907370401,0.9250971070786713,0.10419416516072555,0.04952084556813711
5,10,0.909233893279878,0.6084510865873589,0.7785685838422574,0.8676488204007733,1.006365127356855,0.793713303994265,3.307769804080187,2.643324447017283,0.6405477853384939,0.9026683907370401,0.9250971070786713,0.10419416516072555,0.04952084556813711
5,11,0.9999665179886297,0.6737268322826289,0.8561682116488131,0.954126915501258,1.0808786318781123,0.8762304234886191,3.6568651106630066,2.696670946312445,0.6961204242491393,0.9026683907370401,0.9250971070786713,0.10419416516072555,0.04952084556813711
5,12,1.087822354323145,0.6991129598339424,0.9323674473933986,1.0645916355716523,1.1750754205307294,0.9495859439925456,3.8775323881628285,3.008835513420618,0.5450018447552787,0.9026683907370401,0.9250971070786713,0.10419416516072555,0.04952084556813711
5,13,1.1770479124819704,0.8001182657744709,1.0257149739559035,1.1429371346366357,1.2935378555648163,1.0452724821382262,3.745334520209356,2.9896798831004765,0.43970631839826596,0.0,0.9250971070786713,9.2072,0.04952084556813711
5,14,1.2492919294729143,0.8342448004420792,1.0614295779063896,1.1918849060938446,1.3478333888962148,1.0899556669719952,3.6392493275627293,2.8867789086886004,0.43483152551136717,0.0,0.9250971070786713,1.7001672956156513,0.04952084556813711
5,15,1.27544317843748,0.8516443861997112,1.0919118306596671,1.2169767234727595,1.377211242451962,1.324894764199899,3.4956562036738017,2.793800312467977,0.40363285103521535,0.9026683907370401,-0.03745144646066434,0.10419416516072555,9.48
5,16,1.217915181196919,0.6551501303024234,1.013414975376902,1.232353328067846,1.3810790533905453,1.1275170208383374,3.3002967598396253,2.9911729009102337,0.2729884016663292,0.9026683907370401,0.9250971070786713,0.10419416516072555,0.04952084556813711
5,17,1.2187460131398395,0.8153284621866788,1.0440916210925402,1.1632744228075291,1.3166889140594313,1.0641200270503273,2.9455621830264516,2.513951382877868,0.12674461505936713,0.9026683907370401,0.9250971070786713,0.10419416516072555,0.04952084556813711
5,18,1.2783900253464648,0.7811744694045207,1.0905428692914392,1.276208852579558,1.2613424045017225,1.0193359448827917,2.781367295061489,2.2211936045160874,0.038023384517810135,0.9026683907370401,0.9250971070786713,0.10419416516072555,0.04952084556813711
5,19,1.1287387823651218,0.7541321809629318,1.0779919600242032,1.081780421436567,1.218883240008997,0.881544577353628,2.4789398285621216,1.9828924306748448,0.0,0.9026683907370401,-0.03745144646066434,0.10419416516072555,4.155127823175426
5,20,1.1726732417681065,0.8058712023997006,1.0274942014966075,1.1509248799678486,1.3038334610932119,1.0525940471251363,1.551803910893482,1.731622771421983,0.0,0.9026683907370401,0.9250971070786713,0.10419416516072555,0.04952084556813711
5,21,1.284964073375399,1.0193953418943238,1.299338374606481,1.2259705537917323,1.3930542610223724,1.1211707387500145,1.9351067865253524,1.1658602053286973,0.0,0.9026683907370401,0.9250971070786713,0.10419416516072555,0.04952084556813711
5,22,1.3099808313166965,1.0907313654778785,1.1217276679350812,1.2501225433518135,1.404869034486778,1.1430456522105041,1.782707699409629,0.988481241888853,0.0,0.9026683907370401,0.9250971070786713,0.10419416516072555,0.04952084556813711
5,23,1.327872379455798,0.8864567207946091,1.1369832254859211,1.2830898968608613,1.4338246870235904,1.1973554324805118,1.532946747213173,1.2415951993789038,0.0,0.9026683907370401,0.9250971070786713,0.10419416516072555,0.04952084556813711
6,0,1.7906564789943524,1.2033592771845893,1.5332737664806968,1.7061362408702008,1.9332617391018112,1.5784517441479886,1.7488966855703418,1.403472097121596,0.0,0.9026683907370401,0.9250971070786713,0.10419416516072555,0.04952084556813711
6,1,1.7405284840983877,1.1607962231566273,1.5114396209225085,1.7977465931620982,1.7556773059909736,1.5183981694201807,1.4798300102341702,1.0031083622248065,0.0,0.9026683907370401,0.9250971070786713,0.10419416516072555,0.04952084556813711
6,2,1.6498010948038921,1.1005023756408272,1.4127145413301738,1.573981924638043,1.4826377518469211,1.43930438974731,1.358251738467671,1.0882567612120324,0.0,0.9026683907370401,0.9250971070786713,0.10419416516072555,0.04952084556813711
6,3,1.5100341198842682,1.0075922503803676,1.2931367591444702,1.4407066872053098,1.6304280016853643,1.4244192055341038,1.338335961560632,1.0722310265814734,0.0,0.9026683907370401,0.9250971070786713,0.10419416516072555,0.04952084556813711
6,4,1.4106235757137784,0.9415436604774884,1.0521860162435888,1.3459288092103583,1.53382569841075,1.2308013543951233,1.391359890040692,1.1146938200880923,0.0,0.9026683907370401,0.9250971070786713,0.10419416516072555,0.04952084556813711
6,5,1.344545344498862,0.8970768882311497,1.1512299571711873,1.2920029251394054,1.4516883446972386,1.1693995566820587,1.6232247940215894,1.3325449429498175,0.0038998343095189877,0.9026683907370401,0.9250971070786713,0.10419416516072555,0.04952084556813711
6,6,1.3068831458566652,0.8723338285498887,1.1187036607939134,1.273613401288943,1.4107772213466172,1.1402291415606023,1.5743790029395615,1.4241362558574233,0.0867713133867975,0.9026683907370401,0.9250971070786713,0.10419416516072555,0.04952084556813711
6,7,1.310015087905654,1.0487594574554555,1.121762300734819,1.2489991877534148,1.412104188130979,1.186822628596954,1.9169154548518672,1.3370401139304657,0.24958939580921521,0.9026683907370401,0.9250971070786713,0.10419416516072555,0.04952084556813711
6,8,1.236225068245324,0.8243799284279323,1.056980530661385,1.1191831862643187,1.307761455150465,1.077139783720115,2.885848568227532,2.465729172019204,0.41143251965425326,0.9026683907370401,0.9250971070786713,0.10419416516072555,0.04952084556813711
6,9,1.1629695591131075,0.7770483065601078,1.0657530931101273,1.0416591391465464,1.1428676638476498,1.014919441087892,4.087851069970028,3.2664677248166574,0.5411020104457597,0.9026683907370401,0.9250971070786713,0.10419416516072555,0.04952084556813711
6,10,1.147102974202713,0.7663768095727916,0.982265197055438,1.0945455645919737,1.238749574778095,1.0010720823021,4.660277113121277,3.7232699041091344,0.6317731581420761,0.9026683907370401,0.9250971070786713,0.10419416516072555,0.04952084556813711
6,11,1.2107286291172226,0.8087439021658471,0.9649672236766842,1.1553102126778079,1.307538624144281,1.056653051111311,4.9914936145094995,3.9860490569056566,0.6795461284336837,0.9026683907370401,0.9250971070786713,0.10419416516072555,0.04952084556813711
6,12,1.3814397494264339,0.8974372415737704,1.1507634215294005,1.2822499479273721,1.4511334264165083,1.1905403967081576,4.773792722268874,3.978639407874005,0.6873457970527217,0.9026683907370401,0.9250971070786713,0.10419416516072555,0.04952084556813711
6,13,1.4567540811721058,0.9710546370497888,1.247397899300411,1.3898686824804554,1.5729104088490826,1.316200281638732,3.293717477844208,3.2726664356856485,0.6532222468444306,0.9026683907370401,0.9250971070786713,0.10419416516072555,0.04952084556813711
6,14,1.591097940106084,1.061471546825413,1.3520361101366005,1.5172062370588266,1.7178819210235228,1.3880970795456566,4.95056008791376,3.9549944380490913,0.5771754778088102,0.9026683907370401,0.9250971070786713,0.10419416516072555,0.04952084556813711
6,15,1.6417339025863018,1.135686519283815,1.3221402252571535,1.7809624699663509,1.8422859394176059,1.4887336633931385,4.980705757242735,3.4820778180988228,0.46018044852324064,0.9026683907370401,0.9250971070786713,0.10419416516072555,0.04952084556813711
6,16,1.737963658697072,1.1591689534621268,1.4883067302365538,1.7688505370606973,1.8043399458097449,1.4823049966159005,4.359360248558445,3.5789520311871357,0.31101178618413927,0.9026683907370401,0.9250971070786713,0.10419416516072555,0.04952084556813711
6,17,1.5221391647641553,1.0739604432357337,1.5141775265030228,1.5348814143987064,1.7395338399977325,1.4056223059002542,4.125553271977018,3.3426551302047987,0.14136899372006334,0.9026683907370401,0.9250971070786713,0.10419416516072555,0.04952084556813711
6,18,1.49605777724828,1.09884832859505,1.2810725427409442,1.464554326614982,1.6148856787488801,1.3052748332872273,3.8577482180639096,2.017645702101961,0.04582305313684811,0.9026683907370401,0.9250971070786713,0.10419416516072555,0.04952084556813711
6,19,1.3973019479086675,0.9469649033969784,1.2131114568259158,1.3516134578909635,1.5919508282619594,1.2360333407991224,3.1700604563782004,2.819689407594212,0.0,0.9026683907370401,0.9250971070786713,0.10419416516072555,0.04952084556813711
6,20,1.5067995152023668,1.0053806443006872,1.2899444027690972,1.4426136799002236,1.6383162764130175,1.3144212323583655,2.8284392363183963,2.261593419440185,0.0,0.9026683907370401,0.9250971070786713,0.10419416516072555,0.04952084556813711
6,21,1.5987507826383218,1.007535751997793,1.3690079652168958,1.5880467064680321,1.7260339361835924,1.3947892749487163,2.4606744938263256,2.097626064584701,0.0,0.9026683907370401,0.9250971070786713,0.10419416516072555,0.04952084556813711
6,22,1.657071961309859,1.1052263599461132,1.332215793562157,1.580818540654845,1.9589278066079991,1.4497287084056736,2.2970144106658807,1.8371245220799184,0.0,0.9026683907370401,0.9250971070786713,0.10419416516072555,0.04952084556813711
6,23,1.7405430401671362,1.1610169117024716,1.510958875115412,1.625560223286899,1.8794891088558203,1.5176432571921163,2.1401110303685233,1.7169241825095203,0.0,0.9026683907370401,0.9250971070786713,0.10419416516072555,0.04952084556813711
7,0,1.7209421211878075,1.1477509672471045,1.4110866766233843,1.6438676754586306,1.8223378988027206,1.501304770017018,1.758145395062234,1.4072058555368852,0.0,0.9026683907370401,0.9250971070786713,0.10419416516072555,0.04952084556813711
7,1,1.6774411995666334,1.1191553012436657,1.4367972081407192,1.6007225796300173,1.7611418760575084,1.4637094169663825,1.469111903235056,1.1995418670705147,0.0,0.9026683907370401,0.9250971070786713,0.10419416516072555,0.04952084556813711
7,2,1.6025904698175335,1.0691293266675959,1.3777785991359945,1.5289588129111424,1.6913575213884904,1.392788099072256,1.4001985470674327,1.12168510472172,0.0,0.9026683907370401,0.9250971070786713,0.10419416516072555,0.04952084556813711
7,3,1.7010939218690657,0.9818318759527765,1.2394039098007505,1.4037118393142383,1.5357603999717246,1.2846910712081998,0.6740000000000002,1.1227566634116022,0.0,0.9026683907370401,0.9250971070786713,0.10419416516072555,0.04952084556813711
7,4,1.5128600307453308,0.9208460748072259,1.1801202334286514,1.3148470500998644,1.4880137236693316,1.2025815135036677,0.6740000000000002,1.1604365787962672,0.0,0.9026683907370401,0.9250971070786713,0.10419416516072555,0.04952084556813711
7,5,1.3731365127961261,0.8719106492046084,1.118657523421735,1.2506080252050569,1.4075750076304767,1.1399209826570103,1.3510361934340311,1.3008805908951744,0.0,0.9026683907370401,0.9250971070786713,0.10419416516072555,0.04952084556813711
7,6,1.24306270927508,0.8305828396383893,1.0644162113338942,1.186027592654947,1.502792195122254,1.0850004761870204,1.746206305575697,1.3951051601295774,0.05947247322016457,0.9026683907370401,-0.03745144646066434,0.10419416516072555,8.092472219733235
7,7,1.191299960320411,0.7951436751166734,1.0201402739305374,1.1361680373594634,1.2823080884090168,1.039611888985357,2.7923030274115592,1.7892919951970319,0.238864851458038,0.9026683907370401,0.9250971070786713,0.10419416516072555,0.04952084556813711
7,8,1.1413736976598308,0.7625535933415175,0.9772804726974527,1.0893248471923311,1.2327633245198406,0.9960746487349477,2.7482448438570315,2.197508514297135,0.41533235396377227,0.9026683907370401,-0.03745144646066434,0.10419416516072555,4.054170274545739
7,9,1.0699977770372182,0.7148869196670788,0.915894044060855,1.0206579158622509,1.1980435948706571,0.9335072342391573,3.811416615881191,3.0456531143088403,0.5567013476838355,0.9026683907370401,0.9250971070786713,0.10419416516072555,0.04952084556813711
7,10,1.0104050082163463,0.6979542431022216,0.8941787437634957,0.9963654673967709,1.125651087454138,0.8863120450120718,4.346448988760268,3.502772293109868,0.6424977024932533,0.9026683907370401,0.9250971070786713,0.10419416516072555,0.04952084556813711
7,11,1.0847740869287612,0.7249501839876143,0.9289420679215895,1.038100495263623,1.013758892935803,0.946771373308524,4.724737181418889,3.7747107426822777,0.6649217497729876,0.9026683907370401,0.9250971070786713,0.10419416516072555,0.04952084556813711
7,12,1.3476114618259054,0.8100406727202342,1.0407876229333626,1.157242712093578,1.3123035103402934,1.1630573707477168,3.7225001750187623,3.7662064890320783,0.554751430529076,0.9026683907370401,0.9250971070786713,0.10419416516072555,0.04952084556813711
7,13,1.276789441967411,0.8524731941174266,1.0940723530337582,1.2181288854397676,1.3786444012075472,1.1140462608203294,4.769671027389005,3.8102889329669014,0.4338565669339875,0.9026683907370401,0.9250971070786713,0.10419416516072555,0.04952084556813711
7,14,1.4537295570888624,0.9703327198978811,1.0987028314228409,1.3869812940480508,1.5696522477467008,1.268372718847452,4.668243974459215,3.729727696692242,0.36170963220788616,0.0,0.9250971070786713,0.6201337547474473,0.04952084556813711
7,15,1.6218211833563876,1.0818979432407627,1.42121731247263,1.5584743587177985,1.6404966676076593,1.543388957721038,4.514710609853789,3.6070818479206115,0.3197864133805571,0.0,0.9250971070786713,9.2072,0.04952084556813711
7,16,1.6835736899272469,1.1228434918065693,1.441792092852681,1.6060568192323825,1.8174162410664225,1.4686280601619106,4.129028041087708,3.2991889388820987,0.254464188696114,0.0,0.9250971070786713,9.2072,0.04952084556813711
7,17,1.554856960359082,1.0374216949684285,1.2760121011403593,1.496330652501631,1.6788426422964977,1.3565693323338395,3.8497549700452924,3.09515506614627,0.1052955263570127,0.9026683907370401,0.9250971070786713,0.10419416516072555,0.04952084556813711
7,18,1.4299616779081443,0.9544318538648988,1.2244846985169373,1.2713730221484556,1.562772472860463,1.2478462999071014,3.5829717067495546,2.862255733795465,0.0,0.9026683907370401,0.9250971070786713,0.10419416516072555,0.04952084556813711
7,19,1.347876645664959,0.8998131640312251,1.154181343212584,1.2860696875317732,1.4554446412518873,1.2984510460461915,3.1110680244293167,2.486972299718153,0.0,0.9026683907370401,0.9250971070786713,0.10419416516072555,0.04952084556813711
7,20,1.393927818426141,0.930422731527933,1.3006480319221245,1.3299555764670399,1.5054891216778254,1.2162801948732904,2.9033022885021897,2.3212125049645294,0.0,0.9026683907370401,0.9250971070786713,0.10419416516072555,0.04952084556813711
7,21,1.4704864120651486,0.9724212966500185,1.2592148259285023,1.4030708444169442,1.5876935821869782,1.2829967176803008,2.5209318040789426,2.0170121740425304,0.0,0.9026683907370401,0.9250971070786713,0.10419416516072555,0.04952084556813711
7,22,1.535939710679282,1.0248256941220755,1.4770360830932028,1.4654273486681957,1.7327287322556575,1.3400823497715115,2.3418571335299587,1.8731813563447257,0.0,0.9026683907370401,0.9250971070786713,0.10419416516072555,0.04952084556813711
7,23,1.6504645885552771,1.1009168253151749,1.4132515737625218,1.5742455999741154,1.7815836478912037,1.4375839095353287,2.127143821977138,1.703880592848161,0.0,0.9026683907370401,0.9250971070786713,0.10419416516072555,0.04952084556813711
8,0,1.302640509662528,0.9927730068745352,1.115577364884501,1.2409841779733402,1.4332117539398137,1.063244158100502,1.3320650530424456,0.674,0.0,0.9026683907370401,0.9250971070786713,0.10419416516072555,0.04952084556813711
8,1,1.2288062295270805,0.8206922596179023,1.0522308134339953,1.1724816955610107,1.3268729537454942,1.0390293400606592,1.172231787532016,0.9402340402763207,0.0,0.9026683907370401,0.9250971070786713,0.10419416516072555,0.04952084556813711
8,2,1.0773357083912485,0.7807231491937877,0.9775979605482348,1.0862922389630107,1.2328697414954313,0.9976152330647955,1.2243840433005073,0.6833695918748731,0.0,0.9026683907370401,0.9250971070786713,0.10419416516072555,0.04952084556813711
8,3,1.0273288345008913,0.6893240749144592,0.9611899819026488,0.9803123845896377,1.1094800054540899,0.8966337184565761,1.1837207117990394,0.9427887466630709,0.0,0.9026683907370401,0.9250971070786713,0.10419416516072555,0.04952084556813711
8,4,0.9521990086584453,0.6368268471711707,0.8153596968744972,0.909017982679261,1.028412384048384,0.8322245894580532,1.205407472758453,0.9666203337151035,0.0,0.9026683907370401,0.9250971070786713,0.10419416516072555,0.04952084556813711
8,5,0.8619317496138095,0.5419125697425616,0.7796070188442709,0.8685844238233837,0.9835804365105996,0.7908529082789915,0.8444673135383659,0.674,0.0,0.9026683907370401,0.9250971070786713,0.10419416516072555,0.04952084556813711
8,6,0.9474464633297102,0.6341596912041307,0.8110718619920932,0.9039936901237091,1.034801421383777,0.8269658387658413,1.6126138334572389,1.2818996078779905,0.04094826024994938,0.0,0.9250971070786713,1.2315727507204173,0.04952084556813711
8,7,0.9622669386907835,0.6480351105950247,0.7769799598192202,0.8945927082814555,1.0463637470116078,0.8391620462291619,1.9606670773313428,1.5760801763614896,0.21156601129140515,0.0,-0.03745144646066434,9.2072,9.48
8,8,0.8889790195143672,0.5948277503580618,0.7104567284870507,1.009909446419183,0.9105813758426394,0.776108597368306,2.5606079277739333,2.0478401162724578,0.3890084723745191,0.9026683907370401,0.9250971070786713,0.10419416516072555,0.04952084556813711
8,9,0.861102990611939,0.5765818556006188,0.7379613879847466,0.805002726678873,0.9305331971362794,0.7521500780866273,3.082821919914484,2.5834593965999013,0.5303774660945825,0.9026683907370401,0.9250971070786713,0.10419416516072555,0.04952084556813711
8,10,0.9033306180474009,0.6040262882992635,0.775953447187278,0.8054015968123748,0.9756233841028593,0.7832876256501213,3.7686119755566967,2.9880166635881986,0.6220235723682785,0.9026683907370401,0.9250971070786713,0.10419416516072555,0.04952084556813711
8,11,0.9832197396687398,0.6574454941162282,0.8419154299712857,0.9375566724072338,1.0586720357713502,1.0232362538270172,4.112849918296305,3.382672996457881,0.6639467911956078,0.9026683907370401,0.9250971070786713,0.10419416516072555,0.04952084556813711
8,12,1.1418362343809922,0.7344286239598069,0.9903527126740016,1.0904142775309227,1.2331048105193922,0.8822759716438481,4.096804982872876,3.2151566905768925,0.6658967083503673,0.9026683907370401,0.9250971070786713,0.10419416516072555,0.04952084556813711
8,13,1.2276999127138135,0.9339988336725946,1.0507291609510885,1.1707830314516559,1.325600819415422,1.0712493905965208,4.087004316276416,3.239257488432654,0.6239734895230382,0.9026683907370401,0.9250971070786713,0.10419416516072555,0.04952084556813711
8,14,1.3386821191747469,0.8944436074420946,1.2155755233071563,1.2785922722569385,1.4083588209364237,1.1752252681853659,3.924287208430761,3.0617272595883223,0.5391520932910001,0.9026683907370401,0.9250971070786713,0.10419416516072555,0.04952084556813711
8,15,1.4519283310065798,0.9689884916959467,1.329918972279837,1.3738760118671933,1.5030839622196717,1.226188317675295,3.694549554555869,2.9526236346615446,0.4026578924578355,0.9026683907370401,-0.03745144646066434,0.10419416516072555,2.6407645937301147
8,16,1.2900265117680982,0.9260884111509716,1.188079930219882,1.3270928940463487,1.4967969093747426,1.2105779905082659,3.218847377653718,2.646553683778236,0.2417897271901773,0.9026683907370401,0.9250971070786713,0.10419416516072555,0.04952084556813711
8,17,1.3279480786945932,0.8674882072518707,1.1125543154485307,1.239649290952809,1.4909606936426179,1.1337584844280588,3.4169425044809647,2.4819636318898453,0.07409685188086078,0.9026683907370401,0.9250971070786713,0.10419416516072555,0.04952084556813711
8,18,1.2026118621758357,0.8032508213293054,1.028966914933961,1.147517197995017,1.2916747265812198,1.0492320450221508,2.9088262262476663,2.2199237276507513,0.0,0.9026683907370401,0.9250971070786713,0.10419416516072555,0.04952084556813711
8,19,1.2312628324472557,0.8281611718766266,1.0624296592877362,1.1828620979697955,1.3386777180470386,1.0813392738201826,2.6318166570299693,2.0960626261042505,0.0,0.9026683907370401,0.9250971070786713,0.10419416516072555,0.04952084556813711
8,20,1.4242741623848858,0.9507568522208194,1.248882171805548,1.3590987491587563,1.5449572203863233,1.2634370272840665,2.5151860799167722,2.0459064820646544,0.0,0.9026683907370401,0.9250971070786713,0.10419416516072555,0.04952084556813711
8,21,1.404779613277754,0.9587102989812887,1.2257429707606926,1.3691994086007642,1.5360374994077994,1.252164213409048,2.3390542162624754,1.7931234698297311,0.0,0.9026683907370401,0.9250971070786713,0.10419416516072555,0.04952084556813711
8,22,1.4315405252217552,0.8935957818805981,1.2258803595757841,1.2208508356651646,1.546089074079115,1.2490526650244684,1.9738232926586183,0.8548848703340926,0.0,0.9026683907370401,0.9250971070786713,0.10419416516072555,0.04952084556813711
8,23,1.2964423714520725,0.9150337199709606,1.1905224478296035,1.3138820422979114,1.48004212568782,1.2010692683643485,1.632054614831696,1.367846239121276,0.0,0.9026683907370401,0.9250971070786713,0.10419416516072555,0.04952084556813711
9,0,0.632531301962473,0.4848914086776056,0.5350357082808781,0.6037804468667559,0.6833982242080624,0.5525079822124459,1.1016985298834963,0.674,0.0,0.9026683907370401,0.9250971070786713,0.10419416516072555,0.04952084556813711
9,1,0.5551292699477226,0.3729266518296652,0.3665067393508276,0.5299284518798021,0.5998535085400633,0.4850317571009136,1.011824207252754,0.808395211756179,0.0,0.9026683907370401,0.9250971070786713,0.10419416516072555,0.04952084556813711
9,2,0.513933703363095,0.3458819434485587,0.44400270086796434,0.49116049914030174,0.556003775692312,0.44959788406428525,0.983625697951339,0.7881449688182087,0.0,0.9026683907370401,0.9250971070786713,0.10419416516072555,0.04952084556813711
9,3,0.46687325795286105,0.3141273380897476,0.3996994673527331,0.4454484740068392,0.5044942212052963,0.4089961179183665,0.9733293675829788,0.7917240951316037,0.0,0.9026683907370401,0.9250971070786713,0.10419416516072555,0.04952084556813711
9,4,0.45005075512673265,0.303076391604645,0.297,0.42981378290448524,0.4864597024802535,0.3657364798461497,0.9630108660322237,0.7731416902907999,0.0,0.9026683907370401,0.9250971070786713,0.10419416516072555,0.04952084556813711
9,5,0.47360351032710585,0.33118869481422014,0.406281876089139,0.33484949598888253,0.45479704460482284,0.4162915471700316,1.1081761601072655,0.8847742109241534,0.0,0.9026683907370401,0.9250971070786713,0.10419416516072555,0.04952084556813711
9,6,0.6170480666165686,0.39741762834932914,0.5069121532445361,0.5651110771546033,0.6396489744763463,0.501375758445488,0.6740000000000002,1.0165302708834119,0.023399005857113932,0.9026683907370401,0.9250971070786713,0.10419416516072555,0.04952084556813711
9,7,0.6678722432499945,0.47589931493189763,0.6080244538200743,0.6534307901746523,0.7670480088434279,0.6260953150622796,0.6740000000000002,1.2598386446848915,0.22619038995210133,0.9026683907370401,-0.03745144646066434,0.10419416516072555,8.529954930461882
9,8,0.6568989544453104,0.4616260207131746,0.5736262777270298,0.603032953619614,0.7439182278917997,0.6508845661508996,1.9455640880443816,1.5601732320542308,0.4289817740470887,0.9026683907370401,-0.03745144646066434,0.10419416516072555,3.95321272591605
9,9,0.6814523782249355,0.45685798357052043,0.5418829674124588,0.6504572992896569,0.5711949182706987,0.5856540099407288,2.3199967277087494,1.8528854855077235,0.5801003535409495,0.9026683907370401,-0.03745144646066434,0.10419416516072555,5.433923439151466
9,10,0.816382061821622,0.5810066876784241,0.6201080806574881,0.5834638389759634,0.7606440576535735,0.6148986858297016,2.2351555164921058,1.8867901082101384,0.6756462941241647,0.9026683907370401,0.9250971070786713,0.10419416516072555,0.04952084556813711
9,11,0.7408591422778434,0.4919973707551225,0.7400183348949906,0.7073274221421828,0.8005128629055582,0.6471320103985594,2.9708205979883884,2.3811166718661787,0.7097698443324559,0.9026683907370401,0.9250971070786713,0.10419416516072555,0.04952084556813711
9,12,0.8040384073781716,0.6460002366238756,0.686677961012558,0.7629884247744023,0.8662263921578942,0.7002812837700485,2.9623080876731582,2.104391294535791,0.5518265547969369,0.9026683907370401,0.9250971070786713,0.10419416516072555,0.04952084556813711
9,13,0.7097105094908516,0.5138262597642307,0.667264191808008,0.7402927436248785,0.7016286591792759,0.6804250732598169,3.2080147234096033,2.423464026748252,0.37535905229120264,0.9026683907370401,0.9250971070786713,0.10419416516072555,0.04952084556813711
9,14,0.7482541133691254,0.3732905322217098,0.6043591434625003,0.7141343614981955,0.8081977821171031,0.6533759721091963,2.9033128040636687,2.366694143141833,0.29541244894606333,0.9026683907370401,0.9250971070786713,0.10419416516072555,0.04952084556813711
9,15,0.7529571991936057,0.5043713692322053,0.6875221665382394,0.7186944081364461,0.8134732748594311,0.657495495186484,2.8213727477559107,2.255919640391095,0.24763947865445574,0.0,0.9250971070786713,9.2072,0.04952084556813711
9,16,0.637783444276838,0.5139634201472146,0.6750818101571182,0.8091268154252333,0.7917579278605265,0.6700108939150881,2.618131778703785,2.0989290764719106,0.11699502928556965,0.0,0.9250971070786713,9.2072,0.04952084556813711
9,17,0.8186235680502907,0.5480158042902732,0.7172475980577316,0.8206792734902815,0.9984719701353426,0.7976260542645146,2.4345572844900003,1.9481054872741161,0.0,0.9026683907370401,0.9250971070786713,0.10419416516072555,0.04952084556813711
9,18,0.958173559305741,0.7528598085667192,0.8204444726641398,0.914352212197128,1.0348105991403689,0.9025362009165327,2.399706379195778,1.8401676375691776,0.0,0.9026683907370401,0.9250971070786713,0.10419416516072555,0.04952084556813711
9,19,1.127991286493066,0.7552614300861791,0.9659906633767771,1.075424672606712,1.218630713471343,0.9839869435934618,2.254903893159989,1.691989818573451,0.0,0.9026683907370401,0.9250971070786713,0.10419416516072555,0.04952084556813711
9,20,1.1585300036261892,0.8236014274253606,0.992502632676333,1.1054610918124317,1.2084668495131614,1.0422189798659625,2.114109448864037,1.7041673950707987,0.0,0.9026683907370401,0.9250971070786713,0.10419416516072555,0.04952084556813711
9,21,0.9530404226066288,0.7153139788661073,0.9165929034421734,1.0212734947991713,1.1828748750368547,0.9393640726911167,1.8842942124829314,1.4959671937984467,0.0,0.9026683907370401,0.9250971070786713,0.10419416516072555,0.04952084556813711
9,22,0.9230759000374018,0.6170566926374725,0.9197758361598759,0.8801865682102035,0.9315794613877336,0.9155231430986606,1.666943450538391,1.2874066689114505,0.0,0.9026683907370401,0.9250971070786713,0.10419416516072555,0.04952084556813711
9,23,0.7697030193720447,0.5155424868329195,0.6590942903315214,0.7315478249368688,0.8314577084196262,0.672080951151345,1.361907057309418,1.0911937712378943,0.0,0.9026683907370401,0.9250971070786713,0.10419416516072555,0.04952084556813711
10,0,0.5955901300294062,0.3956033574559348,0.509966125760219,0.5685157549554731,0.6735489072737024,0.5474094069301333,0.8889303149615374,0.674,0.0,0.9026683907370401,0.9250971070786713,0.10419416516072555,0.04952084556813711
10,1,0.5168385062570908,0.3479427579787573,0.4426090218249308,0.4779703649846077,0.558655817408176,0.4516485868975566,0.7818609748271308,0.674,0.0,0.9026683907370401,0.9250971070786713,0.10419416516072555,0.04952084556813711
10,2,0.523516675355766,0.3542718061762524,0.4507329403327111,0.5025371107879304,0.5688417005156651,0.45995866054318213,0.881457714245425,0.674,0.0,0.9026683907370401,0.9250971070786713,0.10419416516072555,0.04952084556813711
10,3,0.4715672020163476,0.297,0.4037591786737188,0.4503679160195207,0.467459852464589,0.4121263770676926,0.7924494487019221,0.674,0.0,0.9026683907370401,0.9250971070786713,0.10419416516072555,0.04952084556813711
10,4,0.297,0.297,0.3823095169356639,0.44299636276270843,0.48258999767083477,0.3890249847948656,0.9342038724352288,0.6819820195878279,0.0,0.9026683907370401,0.9250971070786713,0.10419416516072555,0.04952084556813711
10,5,0.5025259893839911,0.33795455849256845,0.4303065679279689,0.4798058555631718,0.48049488817613173,0.41949108190757584,0.9818774445269706,0.787479361642002,0.0,0.9026683907370401,0.9250971070786713,0.10419416516072555,0.04952084556813711
10,6,0.4899808078767958,0.3292347879446846,0.41063844574600966,0.4673687984411767,0.5287318500026594,0.42772204235677297,1.1059888577988883,0.8866962641728364,0.0,0.9026683907370401,0.9250971070786713,0.10419416516072555,0.04952084556813711
10,7,0.5728935813492348,0.3847668583584961,0.4905685810303292,0.5043109518047153,0.6894251165106786,0.498449011673245,1.3482223563930136,1.0802511887411028,0.11114527782129119,0.9026683907370401,0.9250971070786713,0.10419416516072555,0.04952084556813711
10,8,0.6771078151858354,0.47250545063085,0.6811025051165992,0.645380861811715,0.7306603157696041,0.5652875371141546,1.670285322588018,1.3144187371065192,0.31783649622579757,0.9026683907370401,0.9250971070786713,0.10419416516072555,0.04952084556813711
10,9,0.6821098330573666,0.4573370421516324,0.6169870031817677,0.6514878845653701,0.7375646716261677,0.5950208530973765,1.9339266929600778,1.5476810188359684,0.5177030045886457,0.9026683907370401,0.9250971070786713,0.10419416516072555,0.04952084556813711
10,10,0.7142847546004405,0.47869516397814793,0.6116463011139759,0.6988205157596707,1.0094121738239348,0.5974185201859471,2.2501341395075762,1.8003958751966407,0.609349110862342,0.9026683907370401,0.9250971070786713,0.10419416516072555,0.04952084556813711
10,11,0.7527468831023758,0.5243866989194569,0.6374888546642766,0.7238407100082589,0.8425781708756301,0.6620442616110874,2.4620609220213003,1.953734979303658,0.41630731254115205,0.9026683907370401,0.9250971070786713,0.10419416516072555,0.04952084556813711
10,12,0.8251831297486198,0.5523887294107896,0.7066000345210642,0.7875255665253214,0.8913219585697191,0.7205458314530433,2.4618059660238893,1.9689285287297986,0.1784174196604937,0.9026683907370401,0.9250971070786713,0.10419416516072555,0.04952084556813711
10,13,0.810559344251942,0.6661682997751128,0.6959476178713384,0.7738621366237979,0.8758636056485243,0.7079525464634041,1.9641017407437416,1.5441863899280708,0.335385750618633,0.9026683907370401,0.9250971070786713,0.10419416516072555,0.04952084556813711
10,14,0.8460933692343482,0.5127595871960791,0.6555113335383339,0.7306211019232196,0.8269359429733447,0.7090290022533791,2.455719743102246,1.968564591439947,0.3578097978983672,0.9026683907370401,0.9250971070786713,0.10419416516072555,0.04952084556813711
10,15,0.7331019714828293,0.4913489730552416,0.6279625368493874,0.7312831744298369,0.7921021199664084,0.6388146284418662,2.308578162547484,1.84661659294656,0.20181642551760767,0.9026683907370401,0.9250971070786713,0.10419416516072555,0.04952084556813711
10,16,0.7974945276658653,0.5238154957994613,0.669751284590071,0.7464850882909778,0.8448875208510535,0.6856978371633151,1.8039887453713996,1.754066540209079,0.06337230752968356,0.9026683907370401,0.9250971070786713,0.10419416516072555,0.04952084556813711
10,17,0.90100404037986,0.6165772921840016,0.7892483823835649,0.8795984594459043,1.0393008639753052,0.8047052532497666,1.9852460077975114,1.7035852413939145,0.0,0.9026683907370401,0.9250971070786713,0.10419416516072555,0.04952084556813711
10,18,1.0860706059376766,0.741046763001754,0.930555100812488,1.036555205276288,1.178577571121675,0.9480939382587912,2.138658123906719,1.3227147294749357,0.0,0.9026683907370401,0.9250971070786713,0.10419416516072555,0.04952084556813711
10,19,1.162627653209153,0.7772513856980221,0.9954864999605865,1.1096486423048666,1.2357803677140522,1.0335919334956087,2.0503033765185217,1.6968362529830592,0.0,0.9026683907370401,0.9250971070786713,0.10419416516072555,0.04952084556813711
10,20,1.2008374822467334,0.8020900493881711,1.0285377086022247,1.1054885902216474,1.296737122026449,1.0474715586708727,1.9088836302862957,1.5276578464892272,0.0,0.9026683907370401,0.9250971070786713,0.10419416516072555,0.04952084556813711
10,21,1.1126000681008539,0.7434620077371915,0.9530352805902059,1.0538863509744791,1.201530563216283,0.9709599389536911,1.6843896359374684,1.3485153995486845,0.0,0.9026683907370401,0.9250971070786713,0.10419416516072555,0.04952084556813711
10,22,0.934902880746328,0.6255500770981347,0.784214556712238,0.892171122812848,1.0097447090892384,0.816130616427236,1.4167866346271085,1.1349688128015896,0.0,0.9026683907370401,0.9250971070786713,0.10419416516072555,0.04952084556813711
10,23,0.636784020877193,0.4421637540407799,0.6655067169917734,0.7090705235920864,0.8122917930734423,0.6487251960634945,1.1643937609743926,1.0973496619554972,0.0,0.9026683907370401,0.9250971070786713,0.10419416516072555,0.04952084556813711
11,0,0.8643203153947018,0.523070977306894,0.6738949116752798,0.7454612112233513,0.8911273873048081,0.6819775860164672,1.07325004818666,0.8763824201659552,0.0,0.9026683907370401,0.9250971070786713,0.10419416516072555,0.04952084556813711
11,1,0.6213146260260424,0.4169089094505587,0.5270550711494596,0.6675361308472505,0.6713176782090217,0.5427065384258268,0.9681758937135482,0.7083346130555145,0.0,0.9026683907370401,0.9250971070786713,0.10419416516072555,0.04952084556813711
11,2,0.5359011043778529,0.36008365714831414,0.4588897609084983,0.5112228435570285,0.5791109563174345,0.46824912937031965,0.9408219597958944,0.7548489564147962,0.0,0.9026683907370401,0.9250971070786713,0.10419416516072555,0.04952084556813711
11,3,0.45163721804776075,0.3318475782561335,0.42290238455462137,0.46629146143261735,0.5357139574802873,0.4316751396934493,1.032048933210797,0.8324369229225655,0.0,0.9026683907370401,0.9250971070786713,0.10419416516072555,0.04952084556813711
11,4,0.7236386468984715,0.3112248298365836,0.3999916572542224,0.44569512267644584,0.5059466102668273,0.41637366233543427,0.6740000000000002,0.7337113252339751,0.0,0.9026683907370401,0.9250971070786713,0.10419416516072555,0.04952084556813711
11,5,0.5264236593354693,0.3538285766134092,0.45077045734894333,0.503928386287621,0.5688914456514923,0.4598965182768853,1.0150391365570448,0.8143890750365697,0.0,0.9026683907370401,0.9250971070786713,0.10419416516072555,0.04952084556813711
11,6,0.6898303498884012,0.4624639230319268,0.4888989506888888,0.6584342733685288,0.7453817834256481,0.6023683023983444,1.0999124901921016,0.8832055179159721,0.0,0.9026683907370401,0.9250971070786713,0.10419416516072555,0.04952084556813711
11,7,0.8246152570990426,0.5576769929269878,0.653425071161,0.7867189337479586,0.9427845547462931,0.9162850247220324,1.3975242367699794,1.1194842405321541,0.05752255606540508,0.9026683907370401,-0.03745144646066434,0.10419416516072555,9.48
11,8,0.8031617696033003,0.5636653842012862,0.6878825341506878,0.766508150562546,0.8449543320131551,0.7012328355256247,1.7137523303885838,1.2074629491353175,0.30028724183296207,0.9026683907370401,0.9250971070786713,0.10419416516072555,0.04952084556813711
11,9,0.6981786393808483,0.4558560709690127,0.7009920015108116,0.7790272097802353,0.8848799644890848,0.7207777554299573,2.219652434887901,1.730522191340501,0.4884542472672533,0.9026683907370401,-0.03745144646066434,0.10419416516072555,2.7753746585696977
11,10,0.8723897230617222,0.5837390985319764,0.7469248032168919,0.8492342496825653,0.9425297478953257,0.7616063638277555,2.521618843610494,2.011845226440176,0.5927748150468862,0.9026683907370401,0.9250971070786713,0.10419416516072555,0.04952084556813711
11,11,0.8913351024808233,0.5963872001295428,0.7632966171380943,0.9413260177581025,0.9592151343834115,0.7781562911928097,2.6776140773584207,2.1409704748529035,0.5586512648385951,0.9026683907370401,0.9250971070786713,0.10419416516072555,0.04952084556813711
11,12,0.977469991443279,0.6487772389625244,0.8195636351669654,1.0279860039241235,0.8653700689245395,0.8467719621528568,2.4840272586170804,2.0254889981580564,0.3587847564757469,0.9026683907370401,0.9250971070786713,0.10419416516072555,0.04952084556813711
11,13,1.0308606075623,0.6891504037561189,1.0360250559058946,0.9837394409000756,1.1152995405934298,0.8998187200438192,2.562380002493249,2.048325693629479,0.2905376560591646,0.9026683907370401,0.9250971070786713,0.10419416516072555,0.04952084556813711
11,14,1.0140439202909262,0.6407358723707233,0.8194099300424688,0.7653598691103776,1.0349426716587093,0.8066402500413496,2.4922260419133795,1.952397260535852,0.11894494644032914,0.9026683907370401,0.9250971070786713,0.10419416516072555,0.04952084556813711
11,15,0.9843879718251218,0.6582476300270567,0.904694391230365,0.9393565344542739,1.0600170109769573,0.8591339004286275,2.2775899953435874,1.8218894663843004,0.08774627196417724,0.9026683907370401,0.9250971070786713,0.10419416516072555,0.04952084556813711
11,16,1.0702968202610197,0.7154010479918017,0.9357604243378461,1.0212433623190713,1.1557950062135396,0.9064810144279352,2.1696420645242194,1.7130607777466542,0.0,0.0,0.9250971070786713,9.2072,0.04952084556813711
11,17,1.2730036340736401,0.8500528481296099,0.9592680724343571,1.2146122344150718,1.3745223272626328,1.1269482387321623,2.0942024708772577,1.675560902180275,0.0,0.0,0.9250971070786713,8.827012826440235,0.04952084556813711
11,18,1.4241123274425058,0.9504697539754363,1.2194526732102804,1.4343260619357252,1.5376710583530797,1.2426935876090903,2.1141239722737186,1.6913800943745643,0.0,0.9026683907370401,0.9250971070786713,0.10419416516072555,0.04952084556813711
11,19,1.4912304958756886,1.0038729752719908,1.2769264452001798,1.4021067674141587,1.5776582623154312,1.2621103923276222,2.045614614462519,1.6369539281182792,0.0,0.9026683907370401,0.9250971070786713,0.10419416516072555,0.04952084556813711
11,20,1.486780826336558,0.9927585727055201,1.273868027277339,1.4193504623623725,1.6062786452289406,1.2979513283344373,1.9113257071502636,1.5279602963054828,0.0,0.9026683907370401,0.9250971070786713,0.10419416516072555,0.04952084556813711
11,21,1.4935788611542569,0.9839452513705319,1.2625552885364513,1.406759413947078,1.5415515462193028,1.2865023929121469,1.5506834048379177,1.361660027128905,0.0,0.9026683907370401,0.9250971070786713,0.10419416516072555,0.04952084556813711
11,22,1.2609397953403214,0.842039997071515,1.0707279840861952,1.203116557116156,1.3616061483420956,1.1003133459418668,1.4820744737719198,1.1870619437476544,0.0,0.9026683907370401,0.9250971070786713,0.10419416516072555,0.04952084556813711
11,23,1.0128563585404036,0.677063248113965,0.8665974628041733,1.011827754929331,1.0942002928832477,0.8840128233978507,1.2878069629386972,1.0321032212095576,0.0,0.9026683907370401,0.9250971070786713,0.10419416516072555,0.04952084556813711
